family_name,given_name,gender,date_of_birth,phone_number,email
Seifert,Kai-Uwe,Male,1968-02-22,+49(0)1230 625155,kai-uwe89@example.com
Song Tian ,Tuo Zhen ,Male,1946-04-27,090-4401-2426,song tian .t@example.com
Andrade,Maria,Female,1985-11-14,(021) 3988 1005,andrademaria@example.com
Collin,Genevieve,Female,2008-07-29,+33 (0)5 61 92 51 17,collingenevieve@example.com
Partzelt,Sylke,Female,1942-11-02,+49(0)5184 99503,spartzelt@example.com
Amor,Edelmiro,Male,1994-02-18,+34 835 814 634,edelmiro.amor@example.com
Juarez,Ana,Female,1981-09-15,+34 720682020,juarez.ana@example.com
Shubina,Vasilii,Male,2009-11-11,+7 (710) 814-9958,shubina.v@example.com
Kolesnikova,Anna,Female,1951-06-27,8 (987) 292-76-05,kolesnikova.a@example.com
Rousseau,Julien,Male,1986-08-05,+33 (0)1 56 33 20 01,julien.rousseau@example.com
Qi Teng ,Zhi Zi ,Female,1983-07-05,090-5655-0899,zhi zi q@example.com
Zhong Cun ,Qi Xia ,Female,1984-09-20,080-2811-2574,qi xia 70@example.com
Shi ,Hao ,Male,1980-10-11,18989885571,shi .h@example.com
Berger,Cecile,Female,1997-08-07,05 08 34 98 99,berger.c@example.com
Tong ,Yu Lan ,Female,1979-07-20,14595996609,yu lan t@example.com
Navarro,Simone,Female,1975-03-26,03 85 59 37 18,simone.navarro@example.com
Ashton,Grace,Female,1949-10-14,+44151 496 0853,grace18@example.com
Fan ,Jian ,Male,1977-05-01,15278799193,jfan @example.com
Scamarcio,Isa,Female,2003-03-16,+39 0541843938,scamarcio.i@example.com
Mel'nikova,Klavdiia,Female,1945-07-03,8 514 169 5209,mel'nikovaklavdiia@example.com
Dixon,Angela,Female,1973-03-11,(028) 9018 0127,angela.dixon@example.com
Pacheco,Kathleen,Female,2008-08-01,001-484-863-3888x21081,pacheco.kathleen@example.com
Ferreira,Evelyn,Female,1941-01-30,0900-518-3502,ferreiraevelyn@example.com
Lindau,Edwin,Male,2004-08-05,(05255) 121877,elindau@example.com
Bignardi,Elisa,Female,1968-02-22,+39 0835083371,elisab@example.com
Cherubini,Ermenegildo,Male,1980-12-30,+39 377977384,cherubiniermenegildo@example.com
Brunet,Julien,Male,1948-10-13,04 98 90 20 78,julien52@example.com
Lewis,Connor,Male,1965-07-27,+44116 4960324,lewis.c@example.com
Wilms,Klara,Female,1998-02-10,00607 255327,klara16@example.com
Peixoto,Sophia,Female,1972-06-10,+55 84 2910-0524,sophiap@example.com
Shan Ben ,Chong ,Male,1943-05-07,080-9641-1082,shan ben .chong @example.com
Peng ,Lan Ying ,Female,2004-02-23,13586974091,lan ying 51@example.com
Parsons,Barry,Male,1950-07-24,(0113) 496 0935,barry.parsons@example.com
Clarke,Leigh,Male,2002-12-12,+44115 496 0611,clarke.leigh@example.com
Brito,Olivia,Female,1983-04-01,+55 (041) 5445-0855,olivia.brito@example.com
Reguera,Loreto,Male,1964-06-24,+34924 02 42 38,reguera.l@example.com
Belozerova,Lora,Female,1977-03-16,8 168 064 4184,lorab@example.com
Pichon,Aurelie,Female,1963-09-22,+33 5 96 41 92 67,aurelie.pichon@example.com
Zimin,Foka,Male,1964-01-12,8 (881) 122-9919,ziminfoka@example.com
Traore,Andree,Female,1957-07-11,+33 2 51 55 15 30,andree.traore@example.com
Turnbull,Sandra,Female,1954-01-31,0114 496 0066,sandrat@example.com
Shan Ben ,Jian Yi ,Male,1953-07-08,080-4240-8709,jian yi .shan ben @example.com
Condoleo,Saverio,Male,1992-08-05,0932088101,condoleo.saverio@example.com
Gomes,Alicia,Female,1941-06-15,+55 (041) 9576-0804,gomes.a@example.com
Hunt,Charles,Male,1976-10-31,001-696-980-5157x6741,charles_hunt@example.com
Jesus,Ana Clara,Female,1955-08-06,(021) 2960-2641,ana clara.jesus@example.com
Cardoso,Alicia,Female,1959-06-02,(071) 0044 7632,cardosoalicia@example.com
Shan Xia ,Chun Xiang ,Female,2001-02-16,62-4029-7397,chun xiang _shan xia @example.com
Trofimova,Varvara,Female,1961-12-26,+7 563 567 07 10,varvara_trofimova@example.com
Zakharova,Dobroslav,Male,1953-06-25,+7 (696) 606-86-64,zakharova.d@example.com
Sidorova,Sofiia,Female,1969-07-21,8 (750) 532-0216,ssidorova@example.com
Tejera,Pastora,Female,1990-05-22,+34 878 966 350,tejera.p@example.com
Robertson,Marian,Female,1942-01-26,(0113) 496 0277,robertsonmarian@example.com
Kensy,Istvan,Male,1940-01-20,0299165416,istvank@example.com
Arnaud,Noel,Male,1965-12-11,+33 3 63 84 20 60,arnaud.n@example.com
Semenova,Valeriia,Female,1959-02-23,8 (559) 169-34-70,valeriia.semenova@example.com
Semitecolo,Massimo,Male,1966-03-16,0422658001,semitecolomassimo@example.com
Shi Chuan ,Gan ,Female,1981-03-05,070-9291-5228,gan .shi chuan @example.com
Zhong Dao ,asuka,Female,2005-11-28,070-6487-9085,zhong dao asuka@example.com
Hentschel,Lina,Female,1995-07-27,+49(0) 804857496,hentschel.l@example.com
Pavanello,Mariano,Male,2001-07-29,+39 058797383,pavanellomariano@example.com
Sousa,Joao Guilherme,Male,1963-09-23,61 1042-0996,sousa.j@example.com
Palomo,Julie,Female,1974-01-31,+34731 07 62 17,julie_palomo@example.com
Troisi,Giuseppe,Male,1963-02-01,+39 0578489698,troisi.g@example.com
Ammaniti,Pier,Male,1940-01-24,+39 03315620732,pier_ammaniti@example.com
Abba,Marco,Male,2007-03-08,+39 3484134329,marco.abba@example.com
Komissarova,Amvrosii,Male,1975-09-29,+7 975 414 6182,komissarova.amvrosii@example.com
Buisson,Margaret,Female,1983-09-04,+33 (0)4 68 02 10 54,buissonmargaret@example.com
Haase,Mato,Male,1985-03-07,+49 (0) 8962 383002,mato.haase@example.com
Smith,David,Male,1944-01-17,+1-773-249-9990x06782,davids@example.com
Shan Ben ,Ming Mei ,Female,1953-01-17,090-4867-3049,shan ben ming mei @example.com
Holsten,Carina,Female,1991-08-28,+49(0)0171 02955,holstencarina@example.com
Martins,Emanuelly,Female,1940-07-05,0800 554 4877,martinsemanuelly@example.com
Gonzalez,Auguste,Male,2002-09-19,0276728053,gonzalez.auguste@example.com
Zhou ,Yong ,Male,2003-04-28,18257771046,yong .zhou @example.com
Yang ,Xin ,Male,1958-09-19,15267063369,yang .x@example.com
Wilson,Annette,Female,1951-03-15,0191 4960037,wilsonannette@example.com
Carvalho,Brayan,Male,1940-10-24,+55 (071) 3669-3225,brayan_carvalho@example.com
Cavalcante,Sara,Female,1968-05-15,(031) 9552-0191,sarac@example.com
Rienzo,Melina,Female,2000-10-06,+39 03527838420,melina67@example.com
Albuquerque,Camila,Female,1944-09-08,81 0521 2754,camila97@example.com
Cannizzaro,Ansaldo,Male,1999-04-02,0424633538,ansaldoc@example.com
Beliakov,Samuil,Male,1955-01-05,+7 (055) 093-60-69,beliakov.samuil@example.com
Du Bian ,Ren ,Male,1985-10-06,080-5404-8476,ren _du bian @example.com
Kreusel,Xenia,Female,1946-09-20,06795830910,xenia51@example.com
Macedo,Breno,Male,1966-07-31,(051) 3112-4105,brenom@example.com
Beier,Otmar,Male,1970-12-19,07696218482,otmar_beier@example.com
Kosheleva,Vatslav,Male,1990-12-22,8 (484) 127-10-33,koshelevavatslav@example.com
Ling Mu ,Zhi Zi ,Female,1999-11-19,090-6042-9850,ling mu .z@example.com
Man ,Shu Zhen ,Female,1981-06-20,18018018155,shu zhen 70@example.com
Rovira,Lorenzo,Male,1950-06-07,+34843 561 675,rovira.l@example.com
Li ,Nan ,Male,2005-09-02,18064592172,nan l@example.com
Ling Mu ,Zhen Ling ,Female,1966-11-09,070-2753-3978,ling mu .zhen ling @example.com
Pignatti,Nicoletta,Female,2007-09-09,08122476362,pignattinicoletta@example.com
Lang,Crystal,Female,1976-02-19,+1-310-860-5356x79583,langcrystal@example.com
Zhao ,Jian Hua ,Male,1945-09-25,18024910679,jzhao @example.com
Zhuang ,Hai Yan ,Female,1977-09-14,15978801646,hai yan 43@example.com
Zhong Chuan ,Kang Hong ,Male,2010-08-28,070-5954-5497,kzhong chuan @example.com
Shan Kou ,sayuri,Female,1942-01-04,090-8417-1132,shan kou .sayuri@example.com
Novaes,Rafaela,Female,1946-09-17,+55 (084) 3700 1450,novaesrafaela@example.com
Girschner,Marlene,Female,2002-12-27,+49 (0) 0937 160003,girschner.marlene@example.com
Jones,Phillip,Male,1944-07-30,(0114) 496 0591,jones.p@example.com
"Zuo ""Mu ",Qian Dai ,Female,1976-02-05,080-3289-5767,qian dai 17@example.com
Bespalov,Oksana,Female,1952-02-15,83547435471,oksana_bespalov@example.com
Dement'eva,Marfa,Female,1943-03-11,8 082 679 2473,mdement'eva@example.com
Zhao ,Gang ,Male,1965-03-04,13811843200,zhao .gang @example.com
Murray,Stephanie,Female,1965-07-04,001-342-744-4494,murraystephanie@example.com
D'iachkova,Evgeniia,Female,2006-08-07,+74746238274,d'iachkova.e@example.com
Hanson,Cheyenne,Female,1956-11-09,001-874-418-1034x9434,hansoncheyenne@example.com
Abreu,Liz,Female,1948-07-17,(084) 8592-5578,abreu.liz@example.com
Soding,Pierre,Male,1956-10-19,+49(0) 385390766,soding.p@example.com
Menendez,Merche,Female,1954-03-27,+34 828880723,merche.menendez@example.com
Collins,Owen,Male,1980-02-03,+4428 9018027,collins.o@example.com
Mendonca,Marcela,Female,1992-02-15,+55 11 1871-9619,mmendonca@example.com
Somoza,Alejandra,Female,1954-10-10,+34 847250567,alejandra_somoza@example.com
Luo ,Liang ,Male,1948-10-04,13889828463,lluo @example.com
Bull,Heather,Female,1981-03-30,+441514960011,heatherb@example.com
Renault,Nathalie,Female,1940-06-11,+33 (0)5 18 47 30 88,nathalie47@example.com
Teterina,Sofiia,Female,1978-04-10,8 961 672 43 19,steterina@example.com
James,Declan,Male,1978-02-01,(0808) 1570630,james.declan@example.com
Gusev,Fedor,Male,1969-07-20,8 (283) 734-50-36,gusev.f@example.com
Stevenson,Frederick,Male,1948-12-28,+441314960719,stevensonfrederick@example.com
Hoffman,Andrew,Male,2010-09-17,552.874.8825,andrew_hoffman@example.com
Black,William,Male,1980-06-01,869-527-6727,william10@example.com
Liang ,Ling ,Female,1968-06-18,13396272793,liang .l@example.com
Osuna,Martin,Male,1982-02-08,+34 876 30 95 41,mosuna@example.com
Tan ,Xia ,Female,1989-04-10,13906216071,xtan @example.com
Seguin,Alphonse,Male,1983-03-26,0296908876,alphonse.seguin@example.com
Barlow,Pamela,Female,1988-11-20,(0114)4960467,barlow.p@example.com
Sitnikova,Lukiia,Female,1986-07-31,+7 (130) 225-5063,lsitnikova@example.com
Ding ,Yan ,Male,1999-08-28,18589468430,yan 20@example.com
Fox,Tom,Male,1944-12-24,+44191 4960335,tfox@example.com
Subbotina,Marina,Female,2004-06-07,83099621087,subbotina.m@example.com
Fu ,Lu ,Female,1965-07-13,18913493393,fu .l@example.com
Kolesnikov,Antonina,Female,1978-01-22,+7 (701) 480-3376,akolesnikov@example.com
Fogaca,Davi Miguel,Male,1987-07-15,51 6755 6412,davi miguel30@example.com
Borghese,Gioachino,Male,1973-03-03,0434355057,gioachino34@example.com
Zhong ,Lu ,Female,1963-05-28,18146558629,lu 34@example.com
Efremova,Vitalii,Male,1943-12-13,8 482 875 02 50,vitalii_efremova@example.com
Turner,Kirsty,Female,1972-10-21,+441632 960 476,turner.k@example.com
Caldeira,Juan,Male,1998-04-25,(081) 3033-9782,juan_caldeira@example.com
Voisin,Thibaut,Male,2006-05-19,+33 (0)1 73 14 44 25,thibaut_voisin@example.com
Bottigliero,Silvio,Male,1960-05-05,38378787896,silvio.bottigliero@example.com
Chauveau,Margot,Female,1987-10-17,04 44 23 78 76,chauveaumargot@example.com
Sampaio,Yan,Male,1981-06-16,+55 (011) 0751-9963,yan22@example.com
Toninelli,Fortunata,Female,1955-10-27,388448523,toninelli.f@example.com
Teixeira,Benicio,Male,2001-01-30,0300 413 6797,beniciot@example.com
Rao ,Feng ,Male,1973-01-13,18232340356,rao feng @example.com
Hill,Ronald,Male,1973-05-13,0114 496 0374,ronald42@example.com
Park,Amy,Female,1993-04-20,642.427.3522,amyp@example.com
Vlasov,Afanasii,Male,1978-12-11,8 (916) 744-01-72,avlasov@example.com
Begum,June,Female,1983-08-06,(0808) 1570344,jbegum@example.com
Li ,Gui Hua ,Female,1970-12-31,15935219931,gui hua .li @example.com
Aguila,Ceferino,Male,2009-07-12,+34 871 895 274,aguilaceferino@example.com
Becker,Britt,Female,1951-12-09,02566 87952,becker.b@example.com
Vendrell,Alba,Female,2003-01-21,+34 885681348,avendrell@example.com
Pickering,Martin,Male,1940-02-28,0118 496 0776,martinp@example.com
Oliveira,Laura,Female,1978-12-20,81 0925-1566,oliveira.laura@example.com
Beckmann,Margarete,Female,1978-05-06,(06058) 844370,beckmann.m@example.com
Sen ,Du Si ,Male,1950-11-07,090-0950-7992,sen .d@example.com
Gotthard,Anne-Rose,Female,2006-11-01,07169248974,anne-rose74@example.com
Pinto,Gael,Male,1975-02-01,+55 (081) 6768-0370,pintogael@example.com
Liao ,Yu Zhen ,Female,2008-05-13,13247522322,yu zhen l@example.com
Collins,Edward,Male,2009-04-15,+44(0)909 8790329,edward84@example.com
Browne,Geraldine,Female,1996-04-17,09098790047,browne.geraldine@example.com
Hettner,Anka,Female,1949-01-02,04544 20025,ahettner@example.com
Bourdon,Thibault,Male,1980-05-10,03 27 70 40 16,tbourdon@example.com
Normand,Auguste,Male,1954-11-06,+33 1 30 97 29 95,normand.auguste@example.com
Cid,Bernardita,Female,1977-10-03,+34 979 68 39 46,cidbernardita@example.com
Zhong Chuan ,Tuo Zhen ,Male,1972-08-11,28-6924-6403,tuo zhen _zhong chuan @example.com
Tomasini,Anita,Female,1976-11-28,085144474,tomasinianita@example.com
Caldeira,Giovanna,Female,2000-09-10,+55 61 7466-7144,caldeira.g@example.com
Kudriashov,Agaf'ia,Female,1956-10-12,+7 507 623 9948,agaf'ia27@example.com
Brichese,Leone,Male,1977-01-31,+39 3776046458,brichese.leone@example.com
Koch,Hans Jorg,Male,1968-05-20,+49(0)7448 02877,hans jorg.koch@example.com
Xie ,Ling ,Female,1998-01-14,15281024524,ling 60@example.com
Gotthard,Klaus-Gunter,Male,1976-05-29,+49 (0) 1453 704010,gotthardklaus-gunter@example.com
Huertas,Jimena,Female,2004-06-15,+34 976 45 00 16,jimena52@example.com
Feijoo,Luz,Female,1997-04-02,+34 838 037 046,luz.feijoo@example.com
Baker,Raymond,Male,1974-12-30,(969)323-8362x047,raymond82@example.com
Lewis,Clare,Female,1974-06-22,+441314960213,clare.lewis@example.com
Legros,David,Male,1969-09-01,+33 3 65 72 59 33,davidl@example.com
Wang ,Fan ,Male,1969-03-06,18249274057,fan .wang @example.com
Miller,Howard,Male,1973-10-30,(634)966-8635,howardm@example.com
Pakhomov,Militsa,Female,1946-01-07,+7 117 242 8906,pakhomov.militsa@example.com
Tsvetkova,Kseniia,Female,1985-04-13,8 (565) 742-6046,kseniia54@example.com
Guo ,Feng ,Male,1944-10-02,18156800729,feng .guo @example.com
Lobato,Elodia,Female,1944-10-31,+34979517583,elodia_lobato@example.com
Shan Ben ,asuka,Female,1989-07-08,26-3145-2941,ashan ben @example.com
Morvan,Frederique,Female,1990-09-22,+33 (0)4 76 02 27 35,frederique.morvan@example.com
Yi Teng ,Ming Mei ,Female,1977-09-30,12-9538-3875,ming mei .yi teng @example.com
Wiley,Lori,Female,1951-09-20,9319282597,lori.wiley@example.com
Shaw,Robert,Male,1986-08-07,+441632 960 177,shaw.r@example.com
Ji Tian ,Yang Zi ,Female,1951-06-18,070-1510-5440,yang zi _ji tian @example.com
Henk,Katarzyna,Female,1957-05-05,0598451363,katarzynah@example.com
Khokhlov,Marfa,Female,1998-04-07,+7 (391) 774-68-05,khokhlov.m@example.com
Kozlova,Nina,Female,1948-04-02,8 162 727 18 91,kozlovanina@example.com
Jaume,Demetrio,Male,1964-02-09,+34 637 294 024,jaumedemetrio@example.com
Filippini,Fabia,Female,1984-09-06,09325218455,filippini.fabia@example.com
Collins,Elizabeth,Female,1998-01-24,001-782-702-4670x6988,elizabeth68@example.com
Calderon,Jaime,Male,1998-11-29,+34922 13 00 67,jaime67@example.com
"Zuo ""Mu ",Xiang Zhi ,Female,1941-05-14,070-3343-5641,xiang zhi 36@example.com
Aumann,Karina,Female,1963-02-14,+49(0) 130154448,karina_aumann@example.com
Caffarelli,Edoardo,Male,2010-08-02,+39 37777232321,edoardo_caffarelli@example.com
Jones,Ian,Male,1964-09-06,+441632960094,jonesian@example.com
Fischer,Nicole,Female,1966-05-30,679.990.0671x52364,nfischer@example.com
Richardson,Patrick,Male,1953-09-12,001-949-684-5839x613,richardsonpatrick@example.com
Griffiths,Julie,Female,1954-12-05,(0151) 496 0942,griffiths.julie@example.com
Williams,Ashley,Female,1964-09-20,527-599-0653x3029,williams.a@example.com
Nonis,Rosario,Male,1953-08-13,+39 38516073841,rosarion@example.com
Yuan ,Bin ,Male,1980-09-30,13179736275,bin 96@example.com
Xu ,Ying ,Female,1988-03-23,13864989189,xu ying @example.com
Vargas,Isabela,Female,1972-11-24,51 3126 2158,vargasisabela@example.com
Stumpf,Meryem,Female,1963-10-06,07454 08564,meryem_stumpf@example.com
Tian Zhong ,Chun Xiang ,Female,1950-12-03,38-4284-0661,tian zhong chun xiang @example.com
Berger,Elizabeth,Female,1972-06-23,569.618.0427x617,berger.e@example.com
Alvarado,Telmo,Male,1951-02-23,+34 944 28 96 97,alvarado.telmo@example.com
Diaz,Jose Antonio,Male,2007-06-24,+34972 084 037,diaz.j@example.com
Garcia,Eugene,Male,1946-01-14,02 32 29 57 42,eugene.garcia@example.com
Jenkins,Kaitlyn,Female,2008-09-07,001-853-388-0333x937,kaitlyn.jenkins@example.com
Xiao Lin ,Yang Yi ,Male,2008-08-20,94-3048-9899,yang yi x@example.com
Bernetti,Santino,Male,1975-04-03,0345838454,bernetti.santino@example.com
Loiseau,Patrick,Male,1941-08-26,05 18 62 46 52,loiseaupatrick@example.com
Noguera,Candida,Female,1959-04-04,+34 979 32 00 91,noguera.candida@example.com
Edwards,Mackenzie,Female,1978-07-19,678.655.8384x57704,mackenzie52@example.com
Bullock,Kimberly,Female,1957-07-08,6272125025,kimberly_bullock@example.com
Arjona,Isidoro,Male,2000-11-20,+34720 938 617,arjona.isidoro@example.com
San Pu ,Ming Mei ,Female,1999-08-29,21-8306-5324,ming mei .san pu @example.com
Lucena,Sabas,Male,1949-06-28,+34878752289,lucena.s@example.com
Tognazzi,Carla,Female,1955-04-06,+39 3346496443,tognazzicarla@example.com
Delle,Erika,Female,2000-09-12,+39 077128345,erika.delle@example.com
Garibaldi,Romana,Female,1974-04-01,0965027765,romanag@example.com
Sanz,Marcos,Male,1958-11-03,+34 884404429,sanz.marcos@example.com
Tian Zhong ,Huang ,Male,1941-03-14,080-8222-8706,tian zhong .h@example.com
Chi Tian ,Chun Xiang ,Female,1971-07-13,070-2705-2539,chi tian .c@example.com
Siqueira,Brenda,Female,1972-09-10,(031) 3410 2325,siqueira.b@example.com
Young,Jacqueline,Female,2002-05-07,(0306)9990146,jacqueline.young@example.com
Mukhin,Agata,Female,1940-07-21,81838224906,agata.mukhin@example.com
Gehringer,Lisbeth,Female,1992-07-06,07140 31594,lgehringer@example.com
Weimer,Irmtraud,Female,2004-10-10,+49(0) 233208170,irmtraud90@example.com
Cook,Jennifer,Female,1950-01-22,(867)697-8693x84619,cookjennifer@example.com
Casanovas,Fidel,Male,1994-02-16,+34 849 17 37 46,fidelc@example.com
Zuo Teng ,Zhi Ye ,Male,1967-05-13,090-7290-9886,zhi ye _zuo teng @example.com
Adam,Gilles,Male,2009-05-14,0379542759,adamgilles@example.com
Ruffini,Giulia,Female,1948-02-02,+39 04452390418,giulia.ruffini@example.com
Cardoso,Davi Lucas,Male,1958-07-09,41 6362-4835,cardoso.davi lucas@example.com
Hodgson,Ryan,Male,1986-09-06,(0115) 496 0275,ryan_hodgson@example.com
Hall,Alexandra,Female,1967-08-15,(0909)8790015,hallalexandra@example.com
Tian Zhong ,Jie Yi ,Female,1959-08-04,39-3914-1340,tian zhong .jie yi @example.com
Hentschel,Alwin,Male,2005-10-09,(04659) 779176,alwin.hentschel@example.com
De Sousa,Hugues,Male,1969-08-28,+33 3 84 25 95 58,hugues.de sousa@example.com
Junitz,Marie-Louise,Female,1965-05-08,(02483) 067840,marie-louisej@example.com
Brown,Christina,Female,1947-04-07,766.512.1787,christina_brown@example.com
Martinez,Rebecca,Female,1960-10-15,916-707-5674x00062,rebeccam@example.com
Costela,Francisco,Male,1994-07-28,51 3735 4751,francisco_costela@example.com
Hall,Laura,Female,1989-03-29,+441632 960187,halllaura@example.com
Porto,Nicolas,Male,1941-06-21,+55 (031) 9945-2041,porto.n@example.com
Nazarov,Oksana,Female,1998-11-19,8 055 342 0390,oksanan@example.com
Anderson,Michele,Female,1970-05-29,826-999-1454,michele27@example.com
Xi Cun ,Liang Ping ,Male,1960-08-07,090-7930-0551,lxi cun @example.com
Weimer,Janos,Male,1948-07-12,01047 61980,weimerjanos@example.com
Hull,Vanessa,Female,1944-04-23,+1-595-855-5183x461,vanessa_hull@example.com
Zhang ,Lu ,Female,1986-03-21,18198135963,lzhang @example.com
Dohn,Silke,Female,1987-03-08,08538519177,silke_dohn@example.com
Blazquez,Dionisia,Female,1973-08-28,+34 877 844 875,blazquez.dionisia@example.com
Nosov,Taisiia,Female,1944-06-30,8 099 092 56 82,taisiia.nosov@example.com
Zhuravlev,Sila,Male,2003-08-23,8 008 955 1016,zhuravlev.s@example.com
Rios,Livia,Female,1979-11-23,+55 41 9366-0711,rios.l@example.com
Jia Teng ,Ming Mei ,Female,2004-06-10,090-7860-8653,jia teng .ming mei @example.com
Aragao,Beatriz,Female,2009-03-17,84 3682-0437,beatriz_aragao@example.com
Teixeira,Evelyn,Female,1984-11-22,+55 31 6427 0362,evelynt@example.com
Nogues,Jacinto,Male,1973-03-23,+34924117069,jacinto.nogues@example.com
da Costa,Emanuel,Male,1992-12-20,21 8240-5599,da costa.e@example.com
Verga,Martino,Male,1980-05-02,0933684194,mverga@example.com
Pruschke,Andrzej,Male,1962-08-18,+49(0)3682 25367,andrzej.pruschke@example.com
Martinez,Paula,Female,1948-03-03,(483)591-3372x142,pmartinez@example.com
Riley,Wayne,Male,2005-06-17,(028) 9018029,wayner@example.com
Voronova,Galina,Female,1991-09-28,+7 649 903 57 37,galina99@example.com
Roussel,Patricia,Female,1992-10-15,05 81 81 39 73,roussel.p@example.com
Rui ,Chen ,Male,1965-09-22,18053375103,chen _rui @example.com
Rosiello,Clelia,Female,1953-05-21,+39 0399744379,rosielloclelia@example.com
Sun ,Nuo ,Female,1951-12-07,14512000577,sun .n@example.com
Moura,Valentim,Male,2000-06-21,51 0452 4554,valentim94@example.com
Gallagher,Ruth,Female,1941-10-14,01164960962,ruthg@example.com
Blanc,Zoe,Female,1951-12-15,03 76 38 04 55,zoeb@example.com
Shan Ben ,Yang Zi ,Female,1946-03-11,52-7658-2502,shan ben yang zi @example.com
King,Albert,Male,1948-10-12,+4420 74960283,albert.king@example.com
Mendez,Osvaldo,Male,1947-11-14,+34 822647919,osvaldo14@example.com
Guinizzelli,Romana,Female,2005-06-26,+39 0965099930,romana31@example.com
Ivanova,Angelina,Female,2006-11-22,8 669 968 20 10,angelina_ivanova@example.com
Zuo Teng ,Zhi Shu ,Male,1997-03-20,02-0836-8252,zhi shu .zuo teng @example.com
Wohlgemut,Helene,Female,2002-11-23,(06332) 98263,helene80@example.com
Stewart,Jason,Male,1995-11-25,(020)74960033,stewartjason@example.com
Estrada,Crystal,Female,1954-07-20,620-482-4646x17506,estradacrystal@example.com
Belozerova,Eremei,Male,1951-12-13,8 434 433 20 48,eremei.belozerova@example.com
Schuler,Adrian,Male,1954-12-17,+49(0)0634 141034,adrians@example.com
Hubbard,Andrea,Female,1965-02-28,2089934394,hubbardandrea@example.com
Mohaupt,Pawel,Male,1959-06-17,+49 (0) 4529 207655,mohaupt.p@example.com
Hauffer,Phillip,Male,2004-01-04,07218 638240,hauffer.p@example.com
Bu ,Shu Hua ,Female,1991-10-06,13134546420,bu shu hua @example.com
