family_name,given_name,gender,date_of_birth,phone_number,email
Qiao Ben ,sayuri,Female,1997-05-11,22-2876-2305,sqiao ben @example.com
Tian Zhong ,Ren ,Male,1963-05-08,090-2395-5517,tian zhong ren @example.com
Nguyen,Arthur,Male,1964-07-16,(906)542-3631x8302,arthur_nguyen@example.com
Giannetti,Marcello,Male,2005-12-28,+39 07758739304,marcello_giannetti@example.com
Biriukov,Platon,Male,1967-12-10,+7 538 889 33 55,platon_biriukov@example.com
Dijoux,Roland,Male,1966-04-08,+33 (0)1 56 34 74 99,roland77@example.com
Cassara,Stefano,Male,1957-01-10,35577900024,stefano87@example.com
Rhodes,Micheal,Male,1956-07-17,+1-701-851-4642x988,micheal.rhodes@example.com
Rodionov,Larisa,Female,1942-04-03,8 (148) 013-32-84,rodionov.l@example.com
Peixoto,Maria Sophia,Female,1959-12-10,+55 81 0559 8884,mpeixoto@example.com
Bryan,Philip,Male,2009-06-11,+44(0)909 879 0862,bryan.philip@example.com
Morris,Adam,Male,1956-03-17,001-890-489-9960x238,adam48@example.com
Michel,Diane,Female,1962-08-14,+33 6 51 33 25 01,dmichel@example.com
Zhou ,Dong Mei ,Female,1964-10-21,15317321834,dong mei .zhou @example.com
Hettner,Kay-Uwe,Male,1987-07-13,+49(0)5580 71011,kay-uwe.hettner@example.com
Miasnikova,Sidor,Male,1994-12-18,+71265743003,miasnikova.s@example.com
Dibiasi,Paoletta,Female,1982-02-07,+39 0364113423,dibiasi.p@example.com
Hamann,Kristina,Female,2000-01-05,05507 002655,hamannkristina@example.com
Thompson,Jason,Male,1952-05-19,567-828-7842x9973,jason.thompson@example.com
Antonello,Valentina,Female,1995-01-07,+39 08741153936,antonello.v@example.com
Reichmann,Hans-Dietrich,Male,1961-09-09,(00841) 87399,reichmannhans-dietrich@example.com
Shi Chuan ,Zhi Zi ,Female,2001-10-27,090-1419-2715,zshi chuan @example.com
Zhang ,Jian Jun ,Male,1960-03-30,15209016200,jian jun _zhang @example.com
Moreau,Leon,Male,1988-12-06,0487429606,leon.moreau@example.com
Peltier,Christelle,Female,1983-05-06,01 53 32 59 18,peltier.c@example.com
Capuana,Livia,Female,1960-02-07,+39 33964267556,capuana.l@example.com
Catala,Pablo,Male,2001-04-22,+34 985 823 121,catala.p@example.com
Tang ,Xin ,Male,1987-04-16,13701672305,xin t@example.com
Yang ,Yu Zhen ,Female,1971-03-12,13486365767,yang yu zhen @example.com
Xiao Lin ,Xiang Tai ,Male,1998-06-06,86-0065-3415,xiao lin .x@example.com
Antonelli,Bianca,Female,1961-10-11,+39 054399168,bianca_antonelli@example.com
Qin ,Li Li ,Female,1955-10-14,13256484462,li li 73@example.com
Alighieri,Gionata,Male,1991-08-03,+39 3668561305,gionata54@example.com
Fedoseev,Galina,Female,1954-03-22,+7 910 135 0740,fedoseev.g@example.com
Li ,Feng Ying ,Female,1996-10-24,15155902600,feng ying l@example.com
Hao ,Xiang ,Male,1955-03-06,13024667266,xiang 86@example.com
Vincent,Emmanuel,Male,1954-01-06,03 23 72 72 50,emmanuelv@example.com
Cardenas,Eliana,Female,1971-08-26,+34 982333279,cardenaseliana@example.com
Gao Qiao ,sayuri,Female,1989-08-20,070-4614-3597,sgao qiao @example.com
Oliveira,Alana,Female,1981-01-11,+55 51 8610 5197,alana30@example.com
Dement'ev,Boleslav,Male,1961-04-20,8 019 764 3076,dement'ev.b@example.com
Dunn,Tiffany,Female,1985-05-09,428-682-8744x98011,tiffany32@example.com
Orlov,Evfrosiniia,Female,1968-04-22,8 (224) 926-5801,orlov.e@example.com
Deschamps,Bertrand,Male,2008-06-13,05 35 45 03 03,deschampsbertrand@example.com
Puig,Teofila,Female,1948-09-02,+34 878 910 307,teofila.puig@example.com
Shan Qi ,Chun ,Male,1960-06-21,090-9680-5443,chun .shan qi @example.com
Nogues,Balduino,Male,1972-05-12,+34851588666,nogues.b@example.com
Dias,Miguel,Male,1952-03-30,+55 71 1274 0271,mdias@example.com
Weller,Pavel,Male,1982-07-06,02831 725266,weller.pavel@example.com
Cerutti,Emilio,Male,1999-07-02,08254161561,ecerutti@example.com
Gray,Reginald,Male,1959-09-11,325-285-4280x147,gray.r@example.com
Gomes,Lavinia,Female,2004-10-11,0500-103-4182,gomeslavinia@example.com
Baker,Nathan,Male,1991-07-05,422-676-9520,baker.nathan@example.com
Nikonov,Militsa,Female,1941-08-31,8 368 665 3708,militsa_nikonov@example.com
Hermighausen,Geraldine,Female,2007-03-15,04455 043775,hermighausen.g@example.com
Comolli,Achille,Male,1943-09-24,080921998,achille_comolli@example.com
Rodrigues,Luigi,Male,2005-07-26,+55 51 0415 6788,luigi56@example.com
Santiago,Celia,Female,1991-04-14,+34 920 66 78 55,santiago.c@example.com
Maggioli,Ignazio,Male,1980-12-23,35181887996,ignazio_maggioli@example.com
Evdokimova,Iosif,Male,1947-05-13,+7 (554) 253-9166,evdokimova.iosif@example.com
Pasquier,Olivie,Female,1967-08-17,+33 (0)2 45 52 65 91,pasquier.olivie@example.com
Fabre,Paul,Male,1947-12-04,01 48 41 66 41,fabrepaul@example.com
Ziegert,Leszek,Male,1948-03-22,+49(0) 050250668,leszekz@example.com
Partzelt,Othmar,Male,1973-11-03,+49(0)3331 36529,othmar88@example.com
Gao Qiao ,Zhi Shu ,Male,1994-03-01,080-8057-7029,gao qiao .z@example.com
Cassiano,Isadora,Female,2000-12-24,(071) 3664 6470,isadorac@example.com
Chang ,Dan Dan ,Female,1992-03-27,15219709049,dan dan .chang @example.com
Laroche,Tristan,Male,2001-11-16,+33 2 99 69 95 73,larochetristan@example.com
Pakhomov,Liudmila,Female,1976-09-06,+72781544876,liudmila32@example.com
Camacho,Jesse,Male,1997-03-02,9118930153,jesse_camacho@example.com
Blumel,Gert,Male,1943-02-07,0043489943,blumel.g@example.com
Shi Jing ,Zhi Ye ,Male,1982-05-01,090-2907-0943,shi jing .z@example.com
Mu Cun ,asuka,Female,2009-05-27,25-6893-3159,asuka11@example.com
Shan Qi ,Yu Tai ,Male,2004-01-31,090-3049-8100,shan qi yu tai @example.com
Mo ,Jian ,Male,1960-01-07,15136864543,mo .jian @example.com
Dong ,Shuai ,Male,2001-09-12,13023520331,dong .s@example.com
West,Stephen,Male,1945-12-24,665-376-5749,weststephen@example.com
Shestakova,Zakhar,Male,1942-06-18,+7 884 535 95 79,zakhar19@example.com
Corcos,Baldassare,Male,1988-03-01,+39 39034433740,baldassare_corcos@example.com
Fabregat,Odalis,Female,2005-11-02,+34 739 97 57 61,fabregat.odalis@example.com
Contarini,Antonino,Male,1962-07-06,+39 049162776,contarini.antonino@example.com
Robson,David,Male,1962-12-20,(0113)4960437,david28@example.com
Rosales,Elba,Female,1940-07-11,+34 885 524 390,rosales.elba@example.com
Pometta,Ranieri,Male,1971-08-15,+39 0585530586,ranieri_pometta@example.com
Guzman,Brandi,Female,1966-04-19,(666)529-1426x9684,guzmanbrandi@example.com
Lu ,Kun ,Male,1983-04-08,18585166791,kun 40@example.com
Wang ,Dong ,Male,2006-09-03,18548904762,wang .d@example.com
Dupuy,Leon,Male,1959-11-24,02 31 71 19 84,leon.dupuy@example.com
Hubert,Yves,Male,1959-07-17,+33 (0)3 88 13 18 52,yves_hubert@example.com
Dennis,Christie,Female,1994-03-30,(736)692-5327x569,christied@example.com
Zhao ,Yu Lan ,Female,1959-03-28,15063147033,yu lan _zhao @example.com
Langern,Hans-Ulrich,Male,1984-06-18,+49(0)9339 79046,hans-ulrichl@example.com
Hopkins,Amber,Female,1946-09-27,(0118) 496 0573,amber20@example.com
Descamps,Alix,Female,1999-08-08,0179874107,descamps.a@example.com
Wang ,Lin ,Female,1980-06-18,13615682806,wang .l@example.com
Timofeeva,Lidiia,Female,1998-04-27,8 902 591 51 50,timofeevalidiia@example.com
Kirillov,Kazimir,Male,1949-12-31,8 (823) 810-32-11,kazimir_kirillov@example.com
Bailey,Sally,Female,1958-04-19,+44115 4960193,sallyb@example.com
da Luz,Heloisa,Female,2002-11-06,+55 (031) 3722-3195,da luz.heloisa@example.com
Puccini,Patrizia,Female,1951-12-16,+39 0508301891,ppuccini@example.com
Weinhage,Henry,Male,1956-09-04,(02435) 653897,weinhagehenry@example.com
Osipova,Valentina,Female,1977-04-25,83677793675,osipovavalentina@example.com
Jackson,Christopher,Male,1956-02-21,952.567.4534,cjackson@example.com
Tong ,Jun ,Male,1940-11-21,13850462601,tong jun @example.com
Fonseca,Marisa,Female,1972-07-23,+34 803 25 00 18,fonseca.m@example.com
Li ,Bing ,Male,1987-06-01,18769255928,bing 35@example.com
Reynolds,Aaron,Male,1996-05-11,680.463.9265,reynoldsaaron@example.com
Riehl,Gesa,Female,1944-10-10,07634 229458,gesa19@example.com
Sarabia,Pili,Female,1952-10-14,+34918 32 92 91,pilis@example.com
Briccialdi,Santino,Male,2004-01-06,+39 3519837068,santinob@example.com
Aksenov,Georgii,Male,1972-06-03,+77783096251,aksenov.georgii@example.com
Huerta,Jerome,Male,1986-08-30,(619)401-4604x76589,huerta.jerome@example.com
Huet,Julien,Male,1956-10-10,0804825522,julienh@example.com
Schmiedecke,Pia,Female,2000-11-11,+49(0)2339 38163,pschmiedecke@example.com
da Rocha,Clara,Female,1943-11-07,(011) 1173-4646,da rochaclara@example.com
da Cruz,Davi Luiz,Male,1958-11-28,+55 21 0202 5741,davi luizd@example.com
Sun ,Feng ,Male,1970-08-03,18561205422,feng 45@example.com
Dai ,Gui Xiang ,Female,2009-12-30,18208564861,dai .g@example.com
Teterina,Tvorimir,Male,1956-04-20,+7 (505) 951-3514,teterina.t@example.com
Shubin,Oktiabrina,Female,2004-10-04,+7 (043) 263-64-33,shubinoktiabrina@example.com
Perez,Jessica,Female,1952-05-30,(758)713-6829x92449,perez.jessica@example.com
Valera,Marcela,Female,1947-02-24,+34977405401,marcela45@example.com
Qiu ,Lu ,Female,1944-08-02,13393518250,lu _qiu @example.com
O'Brien,Leah,Female,1959-10-12,+44(0)161 496 0797,leah.o'brien@example.com
Bruce,Christopher,Male,1983-02-19,(0151) 496 0006,christopher_bruce@example.com
Chi Tian ,Ming Mei ,Female,1954-07-01,090-6582-3525,mchi tian @example.com
Gomes,Fernando,Male,1971-02-01,+55 61 9039 5815,fernando_gomes@example.com
Kalashnikova,Savelii,Male,1989-02-01,+79624580900,savelii.kalashnikova@example.com
Gilbert,Christophe,Male,1981-11-24,0487315347,gilbert.christophe@example.com
Efimova,Parfen,Male,1987-11-20,8 (090) 802-87-47,efimova.parfen@example.com
Russell,John,Male,1957-05-08,+1-997-694-3602x142,john_russell@example.com
Samsonov,Leon,Male,1963-02-01,+74843813593,samsonovleon@example.com
Ling Mu ,Chun Xiang ,Female,1959-05-31,090-5723-3173,ling mu .c@example.com
Pacheco,Leo,Male,1949-03-31,(051) 9714-4455,pachecoleo@example.com
Collet,Martine,Female,1977-08-19,0531731520,colletmartine@example.com
Ullmann,Ilhan,Male,2002-05-03,+49 (0) 1914 746341,ilhan.ullmann@example.com
Ponomarev,Nadezhda,Female,1971-04-08,+7 103 754 0059,nponomarev@example.com
Ling ,Tao ,Male,1993-05-14,13163555420,ling tao @example.com
Pavlov,Tat'iana,Female,1977-04-03,+7 (099) 509-18-63,tat'iana26@example.com
Zhou ,Xin ,Male,1955-11-07,18829736158,xin z@example.com
Randall,Sean,Male,1984-06-07,(0151) 496 0916,seanr@example.com
Goncalves,Mariana,Female,1982-11-06,0300 241 5356,mgoncalves@example.com
Sarmiento,Diego,Male,1948-10-28,+34 979 690 758,sarmiento.d@example.com
Barton,Guy,Male,1996-09-01,(0161) 496 0830,guy.barton@example.com
Moreno,Adalberto,Male,1945-06-23,+34 849 35 18 55,moreno.adalberto@example.com
Jenkins,Lisa,Female,1955-03-13,844-435-3787,jenkinslisa@example.com
Bautista,Lorenza,Female,1997-11-07,+34 872 731 188,lorenza77@example.com
Le Goff,Patrick,Male,1978-03-24,05 58 50 97 63,patrickl@example.com
Davila,Monica,Female,1943-10-22,(847)434-6689x081,monica_davila@example.com
Nino,Placido,Male,1979-11-16,+34888129175,nino.placido@example.com
Gabaldon,Piedad,Female,1992-08-23,+34 823111918,pgabaldon@example.com
Paris,Aurore,Female,1965-02-28,02 35 14 60 59,aurorep@example.com
Perrier,Maryse,Female,1951-03-31,+33 2 56 98 27 07,mperrier@example.com
Wei ,Bing ,Male,1960-04-04,18012045996,wei .bing @example.com
Mccullough,Joseph,Male,1955-07-13,7064634420,mcculloughjoseph@example.com
Meunier,Martine,Female,1986-05-20,+33 2 78 76 19 78,meuniermartine@example.com
Schulz,Maria-Theresia,Female,2002-04-19,+49 (0) 6450 667609,maria-theresias@example.com
Wu ,Wei ,Male,1972-07-24,15182011803,wei 20@example.com
Freitas,Nicolas,Male,1966-03-03,41 6320 1439,nicolasf@example.com
Scialpi,Loredana,Female,1995-11-03,37132772992,scialpi.loredana@example.com
Perez,Trini,Female,2010-04-09,+34 949 069 546,perez.trini@example.com
Rocha,Joao Lucas,Male,2010-04-25,+55 (031) 9730-8967,jrocha@example.com
Bejarano,Viviana,Female,1998-07-24,+34 728 314 259,bejarano.viviana@example.com
Guarneri,Gioacchino,Male,1984-10-08,34550832190,gioacchino36@example.com
Soprano,Ilaria,Female,2008-08-09,+39 0818981112,ilaria.soprano@example.com
Sheng ,Hong ,Female,1980-10-01,13422908647,hong _sheng @example.com
Gao Qiao ,Qi Xia ,Female,1979-07-26,070-1524-2133,qgao qiao @example.com
Nicoletti,Alessandro,Male,1947-12-13,0861151626,alessandro39@example.com
Krebs,Hulda,Female,1954-08-24,0035944005,hulda_krebs@example.com
Liu ,Chun Mei ,Female,1985-07-11,15540321654,cliu @example.com
Jenkins,Keith,Male,1947-01-19,0121 4960158,keith_jenkins@example.com
Hu ,Gui Ying ,Female,1955-02-23,13002549721,hu .gui ying @example.com
Gerasimova,Liubov',Female,1942-10-27,8 (381) 318-3842,liubov'.gerasimova@example.com
Martin,Julie,Female,1994-10-11,01632960460,julie10@example.com
Barlow,Harry,Male,1976-01-08,+44(0)131 4960329,harryb@example.com
Page,Zoe,Female,1960-11-02,(0306)9990218,pagezoe@example.com
Seifert,Hans Jurgen,Male,1964-02-29,04617 352364,seifert.h@example.com
Harris,Brandi,Female,1945-05-12,402.618.4549,harris.brandi@example.com
da Mata,Yasmin,Female,1973-04-30,+55 61 7284 9990,da mata.yasmin@example.com
Tartini,Danilo,Male,2006-01-13,+39 0855975302,danilot@example.com
Rosales,Vicente,Male,1996-04-29,+34841 584 429,rosales.vicente@example.com
Lopes,Luiz Gustavo,Male,1976-02-21,(071) 8662 7391,luiz gustavo33@example.com
da Conceicao,Zoe,Female,1986-05-29,+55 (041) 4533-0795,zoed@example.com
Walter,Aneta,Female,2007-04-22,+49(0)8192 902021,walter.a@example.com
Maurice,Astrid,Female,2005-10-12,+33 1 45 45 55 10,mauriceastrid@example.com
Belova,Spartak,Male,1963-07-26,+7 (743) 210-7499,belova.s@example.com
Aguirre,Maureen,Female,1959-09-17,734.282.9944,maureen_aguirre@example.com
Ribeiro,Ana Julia,Female,1954-03-21,(021) 4126 7371,ana julia.ribeiro@example.com
Etzold,Annika,Female,2000-12-04,+49(0) 552284481,etzold.a@example.com
da Rocha,Miguel,Male,2007-01-31,81 0328-0397,da rocha.miguel@example.com
Qing Shui ,Jie Yi ,Female,1982-10-18,080-8624-5676,jie yi .qing shui @example.com
Ramos,Isadora,Female,1983-09-03,+55 (051) 6640-7740,ramos.i@example.com
Mohaupt,Muharrem,Male,1948-08-30,(09585) 86450,mohauptmuharrem@example.com
West,Maria,Female,1947-12-28,+44116 4960659,mariaw@example.com
Neal,Kristin,Female,1974-06-14,(716)652-5019x52897,kristin84@example.com
Carrasco,Ascension,Female,1979-09-15,+34857 718 059,ascension_carrasco@example.com
Detti,Fabio,Male,1955-11-23,3976724641,fabio.detti@example.com
Davies,Malcolm,Male,2006-04-29,0118 496 0847,malcolmd@example.com
Wang ,Jie ,Male,1975-11-30,14718887908,jie 74@example.com
Wang ,Ying ,Female,1973-04-27,13752516589,ywang @example.com
Huang ,Dan Dan ,Female,1945-03-13,14571576517,dan dan .huang @example.com
Tian Zhong ,Ming Mei ,Female,2010-01-23,090-4787-7761,tian zhong .m@example.com
Leroux,Aurelie,Female,2010-06-03,+33 2 52 86 16 48,aleroux@example.com
Vespa,Arnaldo,Male,1973-04-20,+39 0423322132,arnaldo.vespa@example.com
Cunningham,Joan,Female,1955-02-09,(0191) 496 0829,joan35@example.com
Benthin,Nikola,Male,1954-03-26,+49(0)8505 01096,nikolab@example.com
Xi Cun ,Tuo Zhen ,Male,2010-07-03,53-0508-7975,xi cun tuo zhen @example.com
Correia,Barbara,Female,1999-11-14,+55 (081) 3275-2741,barbara_correia@example.com
Zanzi,Silvia,Female,1953-07-14,+39 0431633161,zanzisilvia@example.com
Li ,Yu ,Male,1998-02-10,15024726209,li .y@example.com
Morrison,Maureen,Female,1965-05-31,01154960652,maureenm@example.com
Ceng ,Qian ,Female,1990-02-07,14771687287,qian c@example.com
Hunt,Lori,Female,1952-11-15,436.343.6867x8970,lori.hunt@example.com
Gu ,Bin ,Male,1980-08-04,18814694370,gu bin @example.com
Aragon,Ignacia,Female,1963-03-13,+34 828 45 34 05,ignacia_aragon@example.com
Cobo,Serafina,Female,1975-08-09,+34946 664 650,cobo.s@example.com
Russell,Heather,Female,1962-11-30,+44(0)1632 960 741,heather.russell@example.com
Le Roux,Agathe,Female,1984-02-21,+33 4 86 23 40 10,le rouxagathe@example.com
Adler,Jochem,Male,1974-11-28,(02387) 082471,jadler@example.com
Souza,Theodoro,Male,2003-11-21,+55 (081) 9202-0756,theodoro56@example.com
Ke ,Xin ,Male,1941-04-13,14503473594,xin .ke @example.com
Loos,Alfred,Male,2001-02-01,0809352728,alfred55@example.com
Gomes,Camila,Female,1983-10-24,+55 21 3427 4171,gomescamila@example.com
Pollard,Natasha,Female,2002-08-25,020 7946 0403,npollard@example.com
Camargo,Ryan,Male,1943-03-21,+55 31 2375-2406,rcamargo@example.com
Schmidt,Franz Josef,Male,1987-02-23,+49(0)7095650050,franz josefs@example.com
Martinez,Barry,Male,1949-08-06,+1-579-443-0419,bmartinez@example.com
Rohricht,Sylvio,Male,1957-05-25,08442576778,rohricht.sylvio@example.com
Song Tian ,Zhi Shi ,Female,1975-04-22,070-8474-6649,song tian .z@example.com
Junken,Paul-Gerhard,Male,1999-12-20,00468 001694,junkenpaul-gerhard@example.com
Albers,Caren,Female,1941-09-25,06711 38952,caren_albers@example.com
King,Francesca,Female,1994-01-14,01174960125,francesca_king@example.com
Rust,Franz,Male,2003-11-09,03825 94445,frust@example.com
Petrova,Kondrat,Male,1986-09-28,8 (368) 162-5465,petrova.k@example.com
Shan Tian ,Kang Hong ,Male,1955-02-22,070-5809-6013,shan tian .kang hong @example.com
Maurice,Philippe,Male,1982-07-31,0456476658,philippem@example.com
Arco,Nico,Male,1992-03-07,+34 884 328 081,nico_arco@example.com
Williams,Kristin,Female,1955-11-20,336.218.4520,williams.k@example.com
Terrell,Anne,Female,2005-08-09,001-899-807-5493x56212,terrellanne@example.com
Wang ,Jian ,Male,1957-05-18,15689446144,wang .j@example.com
Lu ,Yu ,Female,1984-09-07,15543771186,yu .lu @example.com
Goodman,Robert,Male,1962-03-29,941.544.2896x51356,rgoodman@example.com
Budig,Ludger,Male,1949-03-09,+49(0) 486108800,ludgerb@example.com
Tamborini,Paloma,Female,2007-04-25,3342098336,tamborini.p@example.com
Guillou,Honore,Male,1940-02-01,+33 2 28 68 30 08,honore.guillou@example.com
Montenegro,Vitor Gabriel,Male,1954-06-14,(041) 0390 3558,vitor gabrielm@example.com
Sermonti,Santino,Male,1994-01-30,+39 0961055516,santino_sermonti@example.com
Zhong Cun ,Zhi Ye ,Male,1991-01-14,20-2439-5689,zhong cun zhi ye @example.com
Capdevila,Manuel,Male,1970-11-16,+34 879 616 561,manuel_capdevila@example.com
Ignat'eva,Militsa,Female,1958-12-02,8 817 739 9760,militsa_ignat'eva@example.com
Cui ,Dong Mei ,Female,1967-09-22,14739465363,dong mei c@example.com
Correia,Cecilia,Female,1978-09-02,(051) 6029-4583,cecilia12@example.com
Fernandez,Eustaquio,Male,1951-09-22,+34 975 365 127,fernandezeustaquio@example.com
Sysoev,Elizaveta,Female,1952-08-05,+7 (506) 556-11-94,sysoev.elizaveta@example.com
Ferreira,Dorothee,Female,1967-05-03,+33 3 60 60 75 76,ferreiradorothee@example.com
Huet,Elisabeth,Female,1943-05-05,+33 (0)7 93 33 24 07,ehuet@example.com
Shan Qi ,Yi ,Male,1958-09-26,09-1410-6786,yi s@example.com
Terent'eva,Ninel',Female,1986-04-05,+70100689254,ninel't@example.com
Zhong Cun ,Jian Yi ,Male,1990-05-16,15-7126-2984,jian yi .zhong cun @example.com
Fernandez,Regina,Female,1957-05-10,947.884.0382x04102,reginaf@example.com
Ferrara,Martina,Female,1965-09-10,+39 0344470521,mferrara@example.com
Miller,Thomas,Male,2008-03-13,+44289018606,tmiller@example.com
Kudriashova,Nonna,Female,1977-01-10,85299267264,nkudriashova@example.com
Noack,Susanna,Female,1981-07-20,+49(0)9994480738,snoack@example.com
Breton,Paul,Male,1992-12-05,02 56 66 15 44,bretonpaul@example.com
Gibbs,Josh,Male,1942-03-04,+441134960020,gibbsjosh@example.com
da Luz,Ana Clara,Female,1995-06-15,0900 918 7740,ana clara.da luz@example.com
Huang ,Xu ,Male,1971-06-21,18274600221,xu _huang @example.com
Read,Ross,Male,1974-08-22,0118 496 0623,ross65@example.com
Cortez,Pamela,Female,1942-10-22,+1-857-913-0260x765,cortez.p@example.com
Briand,Anne,Female,1940-08-06,01 88 58 47 18,anne94@example.com
Moore,Joe,Male,2006-08-22,8837849674,jmoore@example.com
Maksimova,Filaret,Male,1965-12-31,+7 (064) 807-19-73,filaret44@example.com
Zhao ,Xin ,Male,1942-08-15,18852360747,xin z@example.com
Conradi,Lotte,Female,1954-05-18,04474 741038,lconradi@example.com
He ,Yu Lan ,Female,2007-12-07,13931466316,yu lan .he @example.com
Guilbert,Sophie,Female,1974-12-18,+33 (0)2 58 70 49 27,guilbertsophie@example.com
Wang ,Li ,Male,2004-07-02,15845493836,li _wang @example.com
Wang ,Bo ,Male,1958-10-30,18118039067,bo w@example.com
Belozerova,Maksimil'ian,Male,1973-01-20,+74510597267,maksimil'ian40@example.com
Staude,Marco,Male,1979-01-10,09251 03503,marco37@example.com
Bennett,Dawn,Female,1963-03-11,+44306 9990438,bennett.dawn@example.com
Gallet,Victor,Male,1998-02-28,+33 (0)4 76 91 89 26,gallet.v@example.com
Shan Kou ,Kang Hong ,Male,1982-06-26,070-4652-1989,kang hong s@example.com
Mu Cun ,Zhi Shi ,Female,1942-07-15,090-1090-1118,zmu cun @example.com
Norton,Marcus,Male,1941-03-11,+448081570423,marcus.norton@example.com
Vieira,Joaquim,Male,1989-02-28,(011) 3999-5579,vieira.joaquim@example.com
Stokes,Leanne,Female,1969-02-25,(0114) 496 0387,stokes.l@example.com
Monte,Ida,Female,1976-04-11,+39 0351549898,monte.i@example.com
Lehmann,Aurelia,Female,1992-07-05,+49(0) 863158757,aurelial@example.com
O'Sullivan,Adam,Male,1981-06-20,020 74960191,o'sullivan.a@example.com
Barcelo,Victor,Male,1957-08-27,+34980 714 596,barcelo.victor@example.com
Bramante,Flora,Female,1982-12-27,+39 04225316087,bramanteflora@example.com
Palmer,Manuel,Male,1945-08-21,765.591.7560,manuelp@example.com
Mercier,Vincent,Male,1982-11-26,+33 (0)5 19 89 59 17,merciervincent@example.com
Monteiro,Matteo,Male,1985-11-01,+55 11 1912 9010,matteom@example.com
Graham,Karl,Male,1996-03-12,+44(0)151 4960107,karlg@example.com
Martinez,Hilario,Male,1978-09-23,+34748 258 270,hmartinez@example.com
Zhang ,Dong ,Male,1942-11-13,14775454676,dong _zhang @example.com
Wang ,Gui Zhen ,Female,1983-11-09,14509087107,gwang @example.com
