family_name,given_name,gender,date_of_birth,phone_number,email
Reuter,Albin,Male,1954-05-16,+49 (0) 1002 372348,reuteralbin@example.com
Cervantes,Lourdes,Female,1960-04-07,+34841635440,lcervantes@example.com
Ferreira,Marina,Female,1974-04-26,+55 61 2979 1277,ferreira.m@example.com
Nikiforov,Elena,Female,1984-02-09,8 (358) 809-5197,elena.nikiforov@example.com
Tarasov,Marfa,Female,1940-06-06,8 (814) 935-8153,tarasovmarfa@example.com
Tang ,Yu ,Male,2001-09-13,14595153797,yu 73@example.com
Proietti,Vincenza,Female,1958-05-14,391603874,vproietti@example.com
Santos,Sofia,Female,2003-11-29,(051) 7139-9990,sofias@example.com
"Zuo ""Mu ",Liang Ping ,Male,1957-06-15,070-6755-8931,"liang ping _zuo ""mu @example.com"
Kudriashov,Anzhelika,Female,1988-03-04,+7 863 828 08 11,anzhelikak@example.com
Hancock,Stephen,Male,1957-02-03,+1-513-798-8710x860,hancock.stephen@example.com
Quiros,Morena,Female,1987-11-29,+34946720432,mquiros@example.com
Coardi,Isabella,Female,1974-05-13,036554633,coardiisabella@example.com
Pearce,Shirley,Female,1965-06-01,+441154960643,pearceshirley@example.com
Benito,Belen,Female,1970-11-18,+34942 88 39 19,belen43@example.com
Wang ,Jun ,Male,2006-01-21,18572140984,jun _wang @example.com
Wang ,Peng ,Male,1958-09-14,15298007849,wang .p@example.com
Briemer,Benita,Female,1949-11-11,04796 75537,briemerbenita@example.com
Abatantuono,Loretta,Female,1993-02-28,+39 3500624519,loretta_abatantuono@example.com
Jenkins,June,Female,1957-10-15,+44(0)909 879 0133,june_jenkins@example.com
Evans,Martyn,Male,1958-03-12,0191 498 0591,martyn.evans@example.com
Borges,Guilherme,Male,1980-04-22,+55 (011) 4047 8049,guilherme_borges@example.com
Rienzo,Umberto,Male,2003-07-18,+39 0332722821,umberto.rienzo@example.com
Ollivier,Louis,Male,2006-05-26,+33 2 79 68 80 95,ollivierlouis@example.com
Benitez,Juana,Female,1966-07-23,+34723 30 19 90,juana40@example.com
Lai ,Ying ,Female,1974-11-18,15853804459,ying _lai @example.com
Jiang ,Yong ,Male,2002-07-01,15228309217,yong j@example.com
Vorob'ev,Antonina,Female,1947-07-10,85251694933,vorob'evantonina@example.com
Allen,Anthony,Male,2009-03-21,(405)373-1772,aallen@example.com
Arjona,Desiderio,Male,1971-01-02,+34 973 256 112,arjona.d@example.com
Robinson,Bryan,Male,1991-01-12,+44(0)1614960355,bryan98@example.com
Coulon,Cecile,Female,1976-08-17,04 69 34 33 40,coulon.c@example.com
Sun ,Jing ,Female,1958-05-17,13989149848,sun .jing @example.com
Verdi,Matteo,Male,1982-09-28,058749303,verdimatteo@example.com
Camus,Ines,Female,1989-06-15,+33 3 67 03 63 07,camusines@example.com
Valentin,Alexandria,Female,2000-07-28,04 99 43 76 23,alexandria_valentin@example.com
Ahmed,Elliot,Male,1974-06-09,(0113) 4960073,elliot_ahmed@example.com
Forza,Gianpietro,Male,1978-05-01,096187174,forzagianpietro@example.com
Verdone,Panfilo,Male,2004-10-11,0571282291,panfilo_verdone@example.com
Saunders,Joel,Male,1974-12-20,+44306 9990896,saunders.j@example.com
Novaes,Ian,Male,2008-12-07,+55 (071) 2814-5589,novaes.ian@example.com
Qian Tian ,asuka,Female,1968-05-02,07-1064-2826,aqian tian @example.com
Shan Xia ,Kang Hong ,Male,1948-09-04,72-2502-5613,kang hong .shan xia @example.com
Santiago,Paul,Male,2004-09-22,220-426-1585,santiago.p@example.com
Wu ,Gui Xiang ,Female,1968-12-11,13013355058,wu .gui xiang @example.com
Vazquez,Carmelita,Female,1941-11-19,+34 879 168 903,carmelitav@example.com
Ferreras,Bernardo,Male,1972-01-12,+34 847131355,ferreras.b@example.com
Dobes,Geza,Female,1964-02-18,0733934572,geza34@example.com
Pereira,Luna,Female,2002-12-04,(021) 1448-0399,pereiraluna@example.com
Martin,Hans-Otto,Male,1958-01-17,(05697) 41143,hmartin@example.com
Bernad,Griselda,Female,1976-09-06,+34739 798 160,bernadgriselda@example.com
Portero,Leonel,Male,1940-04-07,+34880457648,porteroleonel@example.com
Mies,Siegfried,Male,1966-07-15,+49(0)8722 76675,siegfried71@example.com
Norbiato,Federico,Male,1940-10-16,+39 0521790644,federico_norbiato@example.com
Hayes,Jodie,Female,1995-02-25,(0306)9990691,jodie24@example.com
Ignat'eva,Vissarion,Male,1980-04-27,85952521700,ignat'evavissarion@example.com
Toscanini,Claudia,Female,1979-03-15,0523446810,claudia52@example.com
Horton,Tammy,Female,1950-04-09,(563)352-3689x96958,tammy_horton@example.com
Du Bian ,sayuri,Female,1978-04-23,080-4653-0241,du bian .s@example.com
Cassiano,Marcela,Female,1979-07-01,+55 (071) 4339 8023,marcela_cassiano@example.com
Jerez,Kike,Male,1968-07-16,+34 928370518,kike.jerez@example.com
Padilla,Consuelo,Female,1959-03-04,+34712296231,consuelop@example.com
Jia Teng ,Mei Jia Zi ,Female,1968-02-20,77-1631-0374,jia teng .mei jia zi @example.com
Tian Zhong ,Qi Xia ,Female,1984-07-20,080-2229-2068,qi xia 68@example.com
Ji ,Shu Zhen ,Female,2004-02-06,13181996926,shu zhen _ji @example.com
Frank,Rebecca,Female,1956-10-22,396.741.6954x95757,rebeccaf@example.com
Titov,Foka,Male,1950-08-23,8 (625) 134-4454,titov.f@example.com
Gallart,Nazaret,Female,1978-03-29,+34 973924615,ngallart@example.com
Wagner,Gabriel,Male,1947-02-28,0516647023,wagnergabriel@example.com
Stevens,Benjamin,Male,1952-04-08,+44(0)1154960856,benjamin.stevens@example.com
Olivier,Alexandrie,Female,1982-12-08,0487922910,olivieralexandrie@example.com
Zhou ,Fei ,Male,1979-10-25,18638746434,zhou .f@example.com
Cuesta,Paloma,Female,1967-08-12,+34807 371 047,pcuesta@example.com
Smith,Charles,Male,1966-09-06,+1-280-372-7990,charles_smith@example.com
Belousov,Pavel,Male,1983-07-13,8 855 620 5045,pavel.belousov@example.com
Sazonov,Ferapont,Male,2007-02-12,8 (453) 130-7712,feraponts@example.com
Trub,Julia,Female,1958-05-19,+49(0) 523001704,julia.trub@example.com
Souza,Miguel,Male,1987-05-22,(041) 8420 4372,miguel_souza@example.com
Sauro,Panfilo,Male,1974-04-04,09978447920,panfilo.sauro@example.com
Pastor,Isis,Female,1999-11-24,(021) 3494-7065,pastor.i@example.com
Martin,Othmar,Male,1992-06-05,+49(0) 681052210,othmar_martin@example.com
Johnson,Andrew,Male,1997-10-25,(0151) 496 0028,johnson.a@example.com
Ji Tian ,Gan ,Female,1966-08-25,080-7526-3933,ji tian .gan @example.com
Junk,Lorenz,Male,2005-05-25,0022804873,ljunk@example.com
Song Tian ,Zhi Shu ,Male,1991-02-02,080-2099-4456,song tian zhi shu @example.com
Henderson,Stephen,Male,1987-09-18,+1-495-558-2158x3072,stephen42@example.com
Biriukova,Ostromir,Male,2010-01-03,87513366730,obiriukova@example.com
Cohen,Sebastien,Male,1997-10-27,0143468570,cohen.s@example.com
Toscani,Imelda,Female,1980-03-25,0166843463,imelda.toscani@example.com
Eaton,Mitchell,Male,1986-03-19,2947604761,mitchell_eaton@example.com
Wood,Zoe,Female,1976-08-12,+44(0)113 496 0735,zoe_wood@example.com
Dalton,Jessica,Female,1972-05-11,(462)300-7987x530,jdalton@example.com
Poliakova,Glafira,Female,2006-09-06,8 171 302 1075,gpoliakova@example.com
Tamborini,Baccio,Male,2002-02-07,+39 08621168381,baccio_tamborini@example.com
Bouchet,Michelle,Female,1979-02-12,0384070865,michelle46@example.com
Xiong ,Xin ,Female,1988-01-18,18879840670,xin .xiong @example.com
Besnard,Isabelle,Female,1973-02-08,+33 (0)4 81 23 09 08,besnard.isabelle@example.com
Langlois,Emmanuelle,Female,1955-08-25,0329531210,elanglois@example.com
Duarte,Juanito,Male,1964-01-26,+34 739521358,juanitod@example.com
Pavlov,Ernst,Male,1975-08-15,+71383473923,ernst20@example.com
Ling Mu ,Liang Ping ,Male,1959-04-07,090-6083-8643,liang ping _ling mu @example.com
Ling Mu ,Jie Yi ,Female,1946-03-19,080-4777-8702,jie yi .ling mu @example.com
Xi Cun ,Yi ,Male,1998-04-29,070-9496-4384,xi cun yi @example.com
Morucci,Morena,Female,1985-01-27,+39 086280194,moruccimorena@example.com
Zuo Teng ,Zhi Shu ,Male,2009-02-01,090-4575-8504,zhi shu z@example.com
Zhang ,Jun ,Male,1966-03-14,13701639983,jun 17@example.com
Zhong Cun ,Yu Shu ,Male,1942-08-23,070-2941-1590,zhong cun yu shu @example.com
Gabbana,Caterina,Female,1958-10-07,+39 058441603,caterina.gabbana@example.com
Dunn,Amber,Female,1958-03-01,01314960371,amber_dunn@example.com
Heinrich,Walli,Female,1959-03-19,+49(0)2205 25126,walli99@example.com
Williams,Jamie,Female,1972-05-10,458.760.4228x32465,williams.j@example.com
Araujo,Maria Isis,Female,1984-11-27,+55 41 4130-7538,maria isisa@example.com
Torrijos,Susana,Female,2002-11-30,+34976 63 12 34,susana89@example.com
Bernardini,Luchino,Male,1997-06-21,351080991,bernardiniluchino@example.com
Davies,Alice,Female,1964-04-04,+44141 496 0186,alice_davies@example.com
Tian Zhong ,Yu Tai ,Male,1969-09-03,88-5977-0444,tian zhong .yu tai @example.com
Ershova,Innokentii,Male,2003-04-14,8 925 375 56 99,innokentiie@example.com
Molchanova,Emmanuil,Male,1946-08-20,8 (310) 026-49-11,emmanuilm@example.com
Stephens,Maria,Female,1943-11-17,(0909) 879 0523,maria.stephens@example.com
Rios,Isaac,Male,1995-03-01,+55 84 7322 5249,rios.i@example.com
Evans,Michael,Male,1979-12-30,(680)886-4766,evans.michael@example.com
Moss,Nicole,Female,1945-11-21,531-545-5341x0242,nicolem@example.com
Powell,Georgia,Female,1975-08-22,01144960052,gpowell@example.com
Miller,Gary,Male,1947-05-16,+44131 4960873,garym@example.com
Ribeiro,Francois,Male,2010-02-28,07 96 01 42 49,ribeiro.francois@example.com
Zheng ,Nuo ,Female,1959-09-19,18540517536,nuo 33@example.com
Noguera,Elisa,Female,1998-07-18,+34843 04 41 05,noguera.e@example.com
Baron,Adele,Female,1960-03-17,+33 (0)1 49 45 55 88,adele_baron@example.com
Letellier,Theophile,Male,1956-10-13,+33 6 83 32 90 02,theophile_letellier@example.com
Schweitzer,Lilian,Female,1996-11-28,+49(0)8284 187331,schweitzerlilian@example.com
Montalcini,Graziano,Male,2006-08-02,0407796879,montalcini.graziano@example.com
Jing Shang ,Zhi Shu ,Male,1942-03-22,090-2022-7381,jing shang .z@example.com
Ferrandiz,Reyna,Female,1973-07-01,+34 945681555,reyna.ferrandiz@example.com
Shan Xia ,Chun Xiang ,Female,1987-05-09,070-9126-8697,shan xia .c@example.com
Blokhina,Samson,Male,1950-06-29,+72093202860,blokhinasamson@example.com
Kirillova,Ekaterina,Female,1957-07-05,8 243 772 12 36,kirillova.e@example.com
Alcantara,Eusebio,Male,1971-10-28,+34843 355 818,eusebio_alcantara@example.com
Cristoforetti,Isa,Female,1962-05-07,+39 37104675269,cristoforetti.isa@example.com
da Rosa,Juan,Male,1995-03-28,81 7071-6423,juan44@example.com
Mendes,Jose Miguel,Male,1943-10-19,(051) 2558-1688,jose miguelm@example.com
Gilbert,Emile,Male,1975-05-16,04 56 17 32 67,egilbert@example.com
Borner,Kenan,Male,1971-10-16,+49(0)0739 415584,kborner@example.com
Cerutti,Gianluca,Male,1947-02-15,+39 0865629024,gcerutti@example.com
Cai ,Bin ,Male,1957-12-25,13423135017,cai .bin @example.com
Xi Cun ,sayuri,Female,1993-04-04,090-4071-6583,xi cun .s@example.com
Reising,Darko,Male,1981-05-28,(07081) 142557,darko.reising@example.com
Lowe,Holly,Female,1966-11-24,(029) 2018 0371,hollyl@example.com
Antonello,Mirco,Male,1964-11-07,39291050972,mircoa@example.com
Stoll,Edward,Male,1973-10-24,(01379) 410155,stolledward@example.com
Gioberti,Angelica,Female,1969-11-10,03971188712,angelica.gioberti@example.com
Turchi,Ornella,Female,1950-10-21,+39 09157835606,turchi.o@example.com
Hertrampf,Ingried,Female,1980-07-07,08515037367,ingriedh@example.com
Miller,Alyssa,Female,1976-03-25,908.649.4510x649,milleralyssa@example.com
Sitnikov,Olimpiada,Female,1979-07-27,8 (453) 651-76-36,sitnikovolimpiada@example.com
Mende,Henry,Male,1987-09-17,+49(0)6400 100569,henrym@example.com
Kudriashova,Karl,Male,1975-08-07,+7 (671) 746-8041,karl_kudriashova@example.com
Henderson,Melissa,Female,1940-03-11,807.634.3960,melissa_henderson@example.com
Harris,Edward,Male,1944-02-03,001-479-635-8158x9489,harrisedward@example.com
Hardy,Corinne,Female,1986-06-24,+33 (0)3 65 76 30 88,corinneh@example.com
Perez,Maryse,Female,1954-01-12,0443465427,marysep@example.com
Johnson,Louis,Male,2004-10-13,0115 496 0213,louis.johnson@example.com
Fittipaldi,Ruggiero,Male,1951-05-23,+39 3606504090,fittipaldi.ruggiero@example.com
Kelly,Owen,Male,1942-08-21,0131 496 0215,okelly@example.com
Williams,Ryan,Male,1982-03-04,(436)498-6719,rwilliams@example.com
Mao ,Chen ,Male,1986-07-27,18758874161,mao .chen @example.com
Ma ,Ting Ting ,Female,1971-09-11,15827971593,ma .ting ting @example.com
da Cunha,Isabella,Female,2009-05-25,(041) 6779-5802,isabellad@example.com
Gehringer,Hansjoachim,Male,1949-04-15,+49(0) 913059334,hansjoachim_gehringer@example.com
Schmitt,Luc,Male,1966-03-14,03 89 35 37 02,schmitt.l@example.com
Sullivan,Sheila,Female,1969-06-17,+44(0)1614960600,sheila.sullivan@example.com
Bodin,Francoise,Female,1998-03-22,02 97 05 29 20,bodin.francoise@example.com
Luo ,Xiu Rong ,Female,1972-11-17,15326925208,luo .x@example.com
Nelson,Mary,Female,2005-06-01,+44(0)131 4960828,mary_nelson@example.com
Marti,Mirta,Female,1981-08-25,+34982 995 788,mirta53@example.com
Wende,Theodor,Male,1957-05-20,08287 28720,twende@example.com
Sun ,Jian Ping ,Male,1982-08-01,13292703932,jian ping s@example.com
Souza,Rafael,Male,1994-06-05,+55 (081) 2835 8943,souza.r@example.com
Shan Kou ,Cong Tai Lang ,Male,1959-02-21,070-9121-1238,cshan kou @example.com
Liu ,Hong Xia ,Male,1991-07-28,15010468863,hong xia .liu @example.com
Lamy,Alexandre,Male,1965-08-16,04 42 64 41 33,lamy.a@example.com
Shan Tian ,Wu ,Female,2004-01-17,080-0482-0462,wu _shan tian @example.com
Qi Teng ,Tuo Zhen ,Male,1946-12-22,070-0096-7594,qi teng .tuo zhen @example.com
Ban Ben ,Zhi Shi ,Female,2006-07-23,070-5316-7748,zhi shi b@example.com
Wood,Duncan,Male,1948-01-25,0909 879 0061,dwood@example.com
Wu ,Ming ,Male,1960-07-28,18079305699,ming .wu @example.com
Pierce,Austin,Male,1962-12-10,(448)711-7678x491,pierce.austin@example.com
Galkina,Sila,Male,1968-05-08,8 692 136 96 91,sgalkina@example.com
Francis,Stanley,Male,1952-05-13,0141 4960636,stanley62@example.com
Hermann,Mariechen,Female,1966-04-15,+49(0)9869 288153,hermann.mariechen@example.com
Craig,Ian,Male,1975-01-21,+44(0)1214960023,ian84@example.com
Jungfer,Birgitt,Female,2005-08-04,0494524866,jungferbirgitt@example.com
Jin Teng ,Zhi Shu ,Male,1991-03-24,29-6137-2376,jin teng zhi shu @example.com
Cassiano,Maria Cecilia,Female,1947-08-31,0800 562 2842,cassianomaria cecilia@example.com
Gorshkov,Varfolomei,Male,1970-01-15,+71508184281,varfolomei.gorshkov@example.com
Lin ,Qian Dai ,Female,1954-03-17,090-1349-3213,qian dai _lin @example.com
Smirnov,Maiia,Female,1959-08-07,81212247670,smirnov.maiia@example.com
Kabanova,Trofim,Male,1946-04-11,8 276 844 1737,kabanova.t@example.com
Cunha,Bianca,Female,1997-05-21,(031) 2434 6693,bianca17@example.com
Evans,Lucy,Female,1988-08-09,+4420 74960792,evans.l@example.com
Ge ,Jian Jun ,Male,1980-07-28,14714506922,jian jun .ge @example.com
Jin ,Chao ,Male,1975-09-06,15134696017,chao _jin @example.com
Oliveira,Asafe,Male,1997-06-17,(021) 4688-5080,aoliveira@example.com
Du Bian ,Liang Jie ,Male,2008-04-15,64-0813-5088,liang jie _du bian @example.com
Ramos,Philippe,Male,1971-01-06,0753500513,philippe.ramos@example.com
Shi ,Yang ,Male,2007-09-06,18003462218,shi .yang @example.com
Lehmann,Notburga,Female,2010-07-14,+49 (0) 7620 933038,notburga.lehmann@example.com
Chambers,Janet,Female,1954-02-12,01214960013,janet51@example.com
Day,Zoe,Female,1978-05-03,0808 157 0511,zoe_day@example.com
Xu ,Nuo ,Female,1998-08-19,18689763238,nuo x@example.com
Sysoev,Mariia,Female,1992-05-11,+7 (528) 731-4060,mariia.sysoev@example.com
Jin Teng ,sayuri,Female,1942-11-24,68-1761-6829,jin teng sayuri@example.com
Buonauro,Ronaldo,Male,1959-04-21,+39 0492891199,buonauro.r@example.com
Melo,Matheus,Male,1966-05-16,(041) 7365 7298,matheusm@example.com
Petrov,Matvei,Male,1970-03-02,+7 (222) 789-9493,petrov.m@example.com
Wen ,Xiao Hong ,Female,1943-01-07,13690528578,xwen @example.com
Zhu ,Hua ,Male,1976-04-16,15142228929,zhu .h@example.com
Sainz,Paulino,Male,1977-07-11,+34800 362 667,paulinos@example.com
Shan Kou ,Tai Lang ,Male,1993-09-04,090-6604-3858,shan kou .tai lang @example.com
Alexander,Megan,Female,2007-10-14,402-424-0040x1544,alexander.megan@example.com
Valbuena,Victoria,Female,1968-06-02,+34 828530290,vvalbuena@example.com
Collin,Laurence,Female,1965-10-25,02 55 48 69 35,laurencec@example.com
Young,Charles,Male,1996-02-08,(0131)4960810,young.charles@example.com
Jacob,Stephane,Male,1997-06-12,0411928798,stephane_jacob@example.com
Rozhkova,Iraida,Female,1986-02-23,+7 (197) 947-1146,rozhkova.iraida@example.com
Devaux,Christine,Female,1954-12-10,+33 (0)3 85 08 20 23,devauxchristine@example.com
Silva,Maria Clara,Female,1980-06-07,+55 81 8568-0995,maria clara.silva@example.com
Eliseeva,Karl,Male,1984-04-26,8 296 815 60 70,eliseevakarl@example.com
Vidoni,Letizia,Female,1993-10-04,+39 3755258336,vidoni.letizia@example.com
Trussardi,Goffredo,Male,1941-01-06,3792043118,goffredot@example.com
Arenas,Espiridion,Male,1990-12-25,+34 882 73 04 10,arenas.e@example.com
Wen ,Hong Xia ,Male,1970-02-19,15085444666,hong xia .wen @example.com
Stolze,Franco,Male,1978-03-18,+49 (0) 4351 182654,stolze.f@example.com
Johnson,Kevin,Male,1944-01-10,3993998477,johnsonkevin@example.com
Romero,Matthew,Male,1955-10-27,+1-636-927-8468,matthew_romero@example.com
Evseeva,Nadezhda,Female,1977-05-12,8 142 523 6101,nadezhda_evseeva@example.com
Cao ,Lu ,Female,1994-11-02,13197405302,lcao @example.com
Palmer,Emily,Female,1967-10-23,540.827.9905,emily43@example.com
Gao Qiao ,asuka,Female,1963-08-22,090-8187-2091,asuka_gao qiao @example.com
Shan Tian ,Yang Zi ,Female,1995-05-04,080-2159-9925,yang zi s@example.com
Khokhlov,Prokhor,Male,2006-11-18,8 (877) 792-78-77,prokhork@example.com
Rodriguez,Olivie,Female,2009-02-15,+33 (0)5 62 51 25 55,orodriguez@example.com
Hobbs,Michael,Male,1990-03-06,+44(0)1632960945,michaelh@example.com
Pagliaro,Osvaldo,Male,1969-04-05,03505634095,opagliaro@example.com
Carfagna,Alfio,Male,1961-06-20,07164484678,carfagna.alfio@example.com
Lin ,Gang ,Male,1995-02-23,13330230586,lin .gang @example.com
Mantegazza,Adelasia,Female,1991-05-10,+39 0424453256,adelasiam@example.com
Besnard,Edith,Female,1980-12-29,03 62 57 91 42,edith24@example.com
Barbosa,Rael,Male,1979-09-11,51 6807 3093,raelb@example.com
Chinnici,Nadia,Female,1951-09-18,+39 0309444034,nadiac@example.com
Lucas,Gregoire,Male,1986-03-09,0488817781,gregoire.lucas@example.com
Lewis,Clifford,Male,1975-02-14,+44(0)1632 960 868,clifford85@example.com
Hall,Emily,Female,1960-06-04,+44(0)161 496 0549,emilyh@example.com
Petukhov,Viktor,Male,1943-06-06,8 (543) 827-8130,viktor.petukhov@example.com
Boito,Imelda,Female,1950-07-21,+39 048133484,imelda98@example.com
Shchukin,Olimpiada,Female,1983-02-08,84686270780,shchukin.olimpiada@example.com
Pignatti,Livio,Male,1978-02-25,088437223,liviop@example.com
Donaldson,Rebecca,Female,1994-11-04,364.355.7210,rebecca.donaldson@example.com
Jia Teng ,Yang Zi ,Female,1956-03-23,070-3689-2063,yjia teng @example.com
Shan Tian ,Zhi Zi ,Female,1998-05-02,090-4278-1171,shan tian .z@example.com
Martynov,Sofiia,Female,1973-05-21,8 (715) 781-41-29,martynov.sofiia@example.com
Tu ,Lan Ying ,Female,2008-09-22,15034616288,lan ying t@example.com
Fechner,Elvira,Female,1963-12-19,+49 (0) 8516 939681,fechner.e@example.com
Cardoso,Ana Vitoria,Female,1944-10-06,+55 (031) 0410-5617,cardoso.ana vitoria@example.com
Shan Tian ,Zhi Shi ,Female,1962-06-20,10-4226-3718,shan tian zhi shi @example.com
Watkins,Emily,Female,1972-03-20,709.946.9032x29634,emily_watkins@example.com
Lanfranchi,Erika,Female,1943-09-27,0425782975,lanfranchi.erika@example.com
Acedo,Sosimo,Male,1943-03-22,+34 947 47 32 18,acedososimo@example.com
Trapp,Marleen,Female,1981-10-01,(09573) 395583,marleent@example.com
Mantegna,Nino,Male,1985-11-05,+39 0311463020,nino_mantegna@example.com
Caboto,Luisa,Female,2006-03-24,3509624608,caboto.luisa@example.com
Volta,Lisa,Female,1968-03-07,36888281299,volta.lisa@example.com
Politz,Hans-Theo,Male,1994-05-07,02643 20184,hpolitz@example.com
Hu ,Long ,Male,1975-06-08,18502077736,hu .long @example.com
Caparros,Amor,Female,2000-07-11,+34926 717 089,caparros.a@example.com
Bauza,Primitivo,Male,2001-06-06,+34 703 845 919,bauzaprimitivo@example.com
Aragao,Leticia,Female,2004-07-24,0900-879-7403,leticia74@example.com
Nunes,Ana Carolina,Female,1947-05-31,61 2120 8045,ana carolina.nunes@example.com
Thomas,Karen,Female,1943-12-25,(0909)8790945,thomas.k@example.com
Fattori,Raffaella,Female,1961-02-24,05472550106,rfattori@example.com
Shan Kou ,Wu ,Female,1969-05-15,070-8312-3798,shan kou wu @example.com
Kolobova,Selivan,Male,2007-09-25,+7 (329) 273-2666,selivan.kolobova@example.com
Hertrampf,Otmar,Male,1958-03-01,+49(0)6435289294,ohertrampf@example.com
Cavalcanti,Augusto,Male,1966-02-07,+55 (061) 7330 5096,augusto.cavalcanti@example.com
Hooper,Sharon,Female,2005-04-03,7175381003,shooper@example.com
Alberdi,Elpidio,Male,1943-10-04,+34924 644 858,alberdielpidio@example.com
Hardy,Jade,Female,1968-08-08,0909 8790314,jade93@example.com
Frias,Ciro,Male,1990-01-29,+34949 975 739,cirof@example.com
Guo ,Xiu Lan ,Female,1987-03-09,13340291382,xiu lan .guo @example.com
Powell,Jayne,Female,1981-09-02,0161 4960143,jayne.powell@example.com
Du Bian ,Zhen Ling ,Female,1952-07-03,91-2042-3087,du bian .z@example.com
Thompson,Catherine,Female,2009-01-30,+44(0)115 496 0889,catherine29@example.com
Douglas,Jaclyn,Female,1973-10-31,948-440-2439x7751,douglasjaclyn@example.com
Pallares,Carla,Female,1969-06-02,+34921 253 585,carla.pallares@example.com
He ,Yang ,Male,2006-07-22,15398864467,he .y@example.com
Bonbach,Karen,Female,2005-08-08,+49(0)0342 97634,karen_bonbach@example.com
Kapustin,Liudmila,Female,1976-09-12,8 (981) 278-4550,kapustinliudmila@example.com
Barber,Roy,Male,2007-01-16,0117 496 0009,barber.roy@example.com
Garza,Rebekah,Female,1973-01-03,762-594-9490,garza.rebekah@example.com
Artem'eva,Valentina,Female,1954-02-08,+7 005 651 91 88,valentina71@example.com
White,Tiffany,Female,1991-01-28,936.580.7572x55458,tiffanyw@example.com
